age,balance,y,Scored Labels,Scored Probabilities
45,3854,no,no,0.139504563233377
36,3064,no,no,0.139504563233377
65,2179,no,yes,0.666666666666667
30,699,no,no,0.139504563233377
42,-91,no,no,0.102199223803364
42,0,no,no,0.102199223803364
34,852,no,no,0.139504563233377
33,-305,no,no,0.102199223803364
42,1533,no,no,0.139504563233377
37,189,yes,no,0.102199223803364
42,0,no,no,0.102199223803364
53,238,no,no,0.102199223803364
32,1097,no,no,0.139504563233377
30,400,no,no,0.102199223803364
47,168,no,no,0.102199223803364
38,104,yes,no,0.102199223803364
38,7696,no,no,0.139504563233377
36,5902,no,no,0.139504563233377
28,1323,no,no,0.139504563233377
46,1429,no,no,0.139504563233377
27,50,no,no,0.102199223803364
41,5883,no,no,0.139504563233377
32,228,yes,no,0.102199223803364
51,174,no,no,0.102199223803364
40,4610,no,no,0.139504563233377
50,806,no,no,0.139504563233377
45,16,no,no,0.102199223803364
48,127,no,no,0.102199223803364
56,1270,no,no,0.139504563233377
41,6000,no,no,0.139504563233377
34,296,no,no,0.102199223803364
31,23,no,no,0.102199223803364
31,440,no,no,0.102199223803364
41,389,no,no,0.102199223803364
45,115,no,no,0.102199223803364
42,-396,no,no,0.102199223803364
32,553,no,no,0.139504563233377
40,990,no,no,0.139504563233377
81,1,no,no,0.254545454545455
41,2993,no,no,0.139504563233377
39,12,no,no,0.102199223803364
61,6016,yes,yes,0.666666666666667
53,459,no,no,0.139504563233377
26,609,no,no,0.139504563233377
38,1205,no,no,0.139504563233377
26,63,no,no,0.102199223803364
45,0,yes,no,0.102199223803364
32,1787,no,no,0.139504563233377
34,1641,no,no,0.139504563233377
39,83,no,no,0.102199223803364
27,1033,no,no,0.139504563233377
47,1203,no,no,0.139504563233377
48,-13,no,no,0.102199223803364
46,4855,no,no,0.139504563233377
48,292,no,no,0.102199223803364
24,822,yes,no,0.139504563233377
36,649,no,no,0.139504563233377
55,8104,no,no,0.139504563233377
46,668,yes,no,0.139504563233377
42,1491,no,no,0.139504563233377
30,1924,no,no,0.139504563233377
43,328,no,no,0.102199223803364
31,-617,no,no,0.102199223803364
60,7337,no,no,0.139504563233377
48,149,no,no,0.102199223803364
29,15459,no,no,0.139504563233377
30,71,no,no,0.102199223803364
58,264,no,no,0.102199223803364
58,4007,no,no,0.139504563233377
44,5063,yes,no,0.139504563233377
23,8627,no,no,0.139504563233377
83,425,yes,no,0.254545454545455
52,0,no,no,0.102199223803364
47,214,no,no,0.102199223803364
55,168,no,no,0.102199223803364
67,16353,no,yes,0.666666666666667
33,58,no,no,0.102199223803364
32,10218,no,no,0.139504563233377
31,1494,no,no,0.139504563233377
40,2715,no,no,0.139504563233377
45,1893,yes,no,0.139504563233377
31,0,no,no,0.102199223803364
33,889,no,no,0.139504563233377
27,-151,no,no,0.102199223803364
34,1268,no,no,0.139504563233377
57,3927,no,no,0.139504563233377
34,1076,yes,no,0.139504563233377
36,2944,yes,no,0.139504563233377
49,-701,yes,no,0.102199223803364
47,477,no,no,0.139504563233377
33,349,no,no,0.102199223803364
51,0,no,no,0.102199223803364
30,6,no,no,0.102199223803364
54,7010,no,no,0.139504563233377
60,55,no,no,0.102199223803364
48,191,no,no,0.102199223803364
32,189,no,no,0.102199223803364
32,2343,no,no,0.139504563233377
34,5498,no,no,0.139504563233377
44,887,no,no,0.139504563233377
40,-81,no,no,0.102199223803364
38,121,no,no,0.102199223803364
43,0,no,no,0.102199223803364
45,638,no,no,0.139504563233377
42,969,no,no,0.139504563233377
47,1219,yes,no,0.139504563233377
35,2789,no,no,0.139504563233377
24,172,no,no,0.102199223803364
32,406,no,no,0.102199223803364
46,1693,no,no,0.139504563233377
57,4012,no,no,0.139504563233377
27,-195,yes,no,0.102199223803364
30,0,no,no,0.102199223803364
30,4787,no,no,0.139504563233377
34,455,no,no,0.139504563233377
29,572,yes,no,0.139504563233377
37,168,no,no,0.102199223803364
35,305,no,no,0.102199223803364
57,11494,no,no,0.139504563233377
49,2039,no,no,0.139504563233377
48,112,no,no,0.102199223803364
51,5108,no,no,0.139504563233377
46,-824,yes,no,0.102199223803364
74,921,yes,no,0.254545454545455
35,0,no,no,0.102199223803364
27,897,yes,no,0.139504563233377
31,25,no,no,0.102199223803364
55,976,yes,no,0.139504563233377
36,6,no,no,0.102199223803364
35,280,no,no,0.102199223803364
37,1314,no,no,0.139504563233377
36,307,no,no,0.102199223803364
48,1499,no,no,0.139504563233377
44,262,no,no,0.102199223803364
59,46,no,no,0.102199223803364
39,285,no,no,0.102199223803364
31,631,no,no,0.139504563233377
39,98,no,no,0.102199223803364
58,73,no,no,0.102199223803364
34,0,no,no,0.102199223803364
59,748,no,no,0.139504563233377
59,4198,yes,no,0.139504563233377
57,0,no,no,0.102199223803364
27,0,no,no,0.102199223803364
54,310,no,no,0.102199223803364
38,6728,yes,no,0.139504563233377
53,0,no,no,0.102199223803364
40,952,no,no,0.139504563233377
47,8515,no,no,0.139504563233377
39,26,no,no,0.102199223803364
28,0,yes,no,0.102199223803364
32,4885,no,no,0.139504563233377
57,49,no,no,0.102199223803364
43,49,no,no,0.102199223803364
42,2030,no,no,0.139504563233377
57,162,no,no,0.102199223803364
55,1086,no,no,0.139504563233377
53,255,no,no,0.102199223803364
33,575,no,no,0.139504563233377
28,16,no,no,0.102199223803364
33,150,no,no,0.102199223803364
51,3921,no,no,0.139504563233377
58,5092,no,no,0.139504563233377
28,0,no,no,0.102199223803364
30,447,no,no,0.139504563233377
52,2087,yes,no,0.139504563233377
28,94,no,no,0.102199223803364
74,4079,yes,yes,0.666666666666667
57,158,no,no,0.102199223803364
34,0,no,no,0.102199223803364
34,475,no,no,0.139504563233377
33,745,no,no,0.139504563233377
52,424,no,no,0.102199223803364
34,50,no,no,0.102199223803364
38,168,no,no,0.102199223803364
50,60,no,no,0.102199223803364
52,693,no,no,0.139504563233377
34,479,yes,no,0.139504563233377
43,50,no,no,0.102199223803364
66,1948,yes,yes,0.666666666666667
39,52,no,no,0.102199223803364
41,-29,no,no,0.102199223803364
41,4684,no,no,0.139504563233377
59,0,no,no,0.102199223803364
22,1161,no,no,0.139504563233377
32,2089,yes,no,0.139504563233377
47,3681,no,no,0.139504563233377
47,3727,yes,no,0.139504563233377
53,306,yes,no,0.102199223803364
68,4189,yes,yes,0.666666666666667
30,1772,no,no,0.139504563233377
35,317,no,no,0.102199223803364
42,130,no,no,0.102199223803364
51,2967,no,no,0.139504563233377
53,-118,no,no,0.102199223803364
34,997,no,no,0.139504563233377
45,180,no,no,0.102199223803364
51,1315,no,no,0.139504563233377
33,69,no,no,0.102199223803364
39,406,no,no,0.102199223803364
25,1116,no,no,0.139504563233377
44,244,yes,no,0.102199223803364
49,323,no,no,0.102199223803364
34,10,no,no,0.102199223803364
26,236,no,no,0.102199223803364
56,15311,no,no,0.139504563233377
37,655,no,no,0.139504563233377
45,757,no,no,0.139504563233377
27,14,no,no,0.102199223803364
56,-113,no,no,0.102199223803364
52,826,no,no,0.139504563233377
30,178,no,no,0.102199223803364
60,-49,no,no,0.102199223803364
28,1562,yes,no,0.139504563233377
35,0,no,no,0.102199223803364
77,680,no,no,0.254545454545455
34,1011,no,no,0.139504563233377
66,2262,no,yes,0.666666666666667
48,9207,no,no,0.139504563233377
31,24,no,no,0.102199223803364
36,2806,no,no,0.139504563233377
28,172,no,no,0.102199223803364
30,0,no,no,0.102199223803364
31,0,no,no,0.102199223803364
46,0,no,no,0.102199223803364
35,221,no,no,0.102199223803364
38,-673,no,no,0.102199223803364
26,2855,no,no,0.139504563233377
32,577,no,no,0.139504563233377
36,0,no,no,0.102199223803364
38,7124,no,no,0.139504563233377
35,0,no,no,0.102199223803364
40,89,no,no,0.102199223803364
51,-3,no,no,0.102199223803364
47,2914,no,no,0.139504563233377
32,4089,no,no,0.139504563233377
24,204,no,no,0.102199223803364
45,242,yes,no,0.102199223803364
32,0,no,no,0.102199223803364
44,438,no,no,0.102199223803364
28,1137,no,no,0.139504563233377
36,725,no,no,0.139504563233377
46,757,no,no,0.139504563233377
41,72,no,no,0.102199223803364
41,2885,no,no,0.139504563233377
44,2734,yes,no,0.139504563233377
31,16,no,no,0.102199223803364
39,0,no,no,0.102199223803364
27,1577,no,no,0.139504563233377
33,641,no,no,0.139504563233377
48,2537,no,no,0.139504563233377
27,212,no,no,0.102199223803364
32,518,no,no,0.139504563233377
45,245,no,no,0.102199223803364
22,333,no,no,0.102199223803364
52,230,no,no,0.102199223803364
80,462,no,no,0.254545454545455
29,1026,yes,no,0.139504563233377
31,-186,no,no,0.102199223803364
38,11971,no,no,0.139504563233377
54,-22,no,no,0.102199223803364
43,188,no,no,0.102199223803364
38,-469,no,no,0.102199223803364
32,1649,no,no,0.139504563233377
45,4022,no,no,0.139504563233377
29,751,no,no,0.139504563233377
41,231,no,no,0.102199223803364
28,168,yes,no,0.102199223803364
44,276,no,no,0.102199223803364
35,978,yes,no,0.139504563233377
31,1882,no,no,0.139504563233377
38,50,no,no,0.102199223803364
32,782,no,no,0.139504563233377
31,1987,no,no,0.139504563233377
26,350,no,no,0.102199223803364
66,2169,no,yes,0.666666666666667
31,660,no,no,0.139504563233377
58,1517,no,no,0.139504563233377
46,-121,no,no,0.102199223803364
51,12,no,no,0.102199223803364
36,0,no,no,0.102199223803364
44,-101,no,no,0.102199223803364
34,1499,no,no,0.139504563233377
43,-98,no,no,0.102199223803364
49,198,no,no,0.102199223803364
33,288,no,no,0.102199223803364
37,0,no,no,0.102199223803364
55,203,no,no,0.102199223803364
56,551,no,no,0.139504563233377
45,0,no,no,0.102199223803364
34,0,no,no,0.102199223803364
46,665,no,no,0.139504563233377
33,0,no,no,0.102199223803364
30,34,no,no,0.102199223803364
34,0,no,no,0.102199223803364
57,5431,no,no,0.139504563233377
57,254,no,no,0.102199223803364
44,178,no,no,0.102199223803364
41,3355,no,no,0.139504563233377
27,468,no,no,0.139504563233377
35,7050,yes,no,0.139504563233377
40,2378,no,no,0.139504563233377
29,-102,no,no,0.102199223803364
47,2540,no,no,0.139504563233377
44,332,no,no,0.102199223803364
47,1149,no,no,0.139504563233377
49,588,no,no,0.139504563233377
61,313,no,no,0.254545454545455
51,1594,no,no,0.139504563233377
38,0,no,no,0.102199223803364
33,1165,no,no,0.139504563233377
32,255,no,no,0.102199223803364
46,-337,no,no,0.102199223803364
50,-84,no,no,0.102199223803364
33,1410,no,no,0.139504563233377
43,3215,no,no,0.139504563233377
46,-3,no,no,0.102199223803364
47,6637,no,no,0.139504563233377
60,3043,no,no,0.139504563233377
54,386,no,no,0.102199223803364
41,176,no,no,0.102199223803364
44,-312,no,no,0.102199223803364
57,0,no,no,0.102199223803364
45,315,no,no,0.102199223803364
51,9228,yes,no,0.139504563233377
28,4745,yes,no,0.139504563233377
34,0,no,no,0.102199223803364
34,2211,no,no,0.139504563233377
24,-46,no,no,0.102199223803364
29,200,no,no,0.102199223803364
34,-139,no,no,0.102199223803364
45,97,no,no,0.102199223803364
32,133,yes,no,0.102199223803364
54,-932,no,no,0.102199223803364
32,266,no,no,0.102199223803364
49,280,no,no,0.102199223803364
35,-402,no,no,0.102199223803364
43,757,no,no,0.139504563233377
43,60,no,no,0.102199223803364
58,0,no,no,0.102199223803364
52,161,no,no,0.102199223803364
39,2644,no,no,0.139504563233377
33,9449,no,no,0.139504563233377
48,427,no,no,0.102199223803364
32,71,no,no,0.102199223803364
45,419,no,no,0.102199223803364
48,363,no,no,0.102199223803364
34,618,no,no,0.139504563233377
34,176,no,no,0.102199223803364
41,3823,no,no,0.139504563233377
48,1147,yes,no,0.139504563233377
43,487,no,no,0.139504563233377
27,235,no,no,0.102199223803364
36,340,no,no,0.102199223803364
42,8131,no,no,0.139504563233377
36,553,no,no,0.139504563233377
24,-220,no,no,0.102199223803364
53,665,yes,no,0.139504563233377
31,1170,no,no,0.139504563233377
32,1059,no,no,0.139504563233377
48,8,no,no,0.102199223803364
35,56,no,no,0.102199223803364
70,15834,no,yes,0.666666666666667
60,179,no,no,0.102199223803364
35,71,no,no,0.102199223803364
39,5731,no,no,0.139504563233377
27,818,no,no,0.139504563233377
35,624,no,no,0.139504563233377
26,1347,yes,no,0.139504563233377
59,1831,no,no,0.139504563233377
42,96,no,no,0.102199223803364
46,1285,no,no,0.139504563233377
32,271,no,no,0.102199223803364
43,1937,no,no,0.139504563233377
54,386,no,no,0.102199223803364
35,2288,no,no,0.139504563233377
34,96,no,no,0.102199223803364
37,132,no,no,0.102199223803364
32,2204,no,no,0.139504563233377
53,980,yes,no,0.139504563233377
59,163,no,no,0.102199223803364
55,4103,no,no,0.139504563233377
27,261,no,no,0.102199223803364
30,302,yes,no,0.102199223803364
34,2594,no,no,0.139504563233377
60,174,no,no,0.102199223803364
40,271,no,no,0.102199223803364
37,1467,no,no,0.139504563233377
56,306,no,no,0.102199223803364
34,-73,no,no,0.102199223803364
38,1,no,no,0.102199223803364
36,1981,no,no,0.139504563233377
32,118,yes,no,0.102199223803364
31,1957,no,no,0.139504563233377
29,308,no,no,0.102199223803364
32,10,no,no,0.102199223803364
28,3,no,no,0.102199223803364
58,3382,no,no,0.139504563233377
53,1868,no,no,0.139504563233377
31,271,no,no,0.102199223803364
44,13893,no,no,0.139504563233377
58,35,no,no,0.102199223803364
50,5776,no,no,0.139504563233377
32,1121,no,no,0.139504563233377
34,632,no,no,0.139504563233377
34,1897,no,no,0.139504563233377
30,3516,no,no,0.139504563233377
37,414,no,no,0.102199223803364
58,4015,no,no,0.139504563233377
40,838,no,no,0.139504563233377
60,0,no,no,0.102199223803364
28,225,no,no,0.102199223803364
35,141,no,no,0.102199223803364
37,131,no,no,0.102199223803364
34,645,no,no,0.139504563233377
33,478,yes,no,0.139504563233377
52,1141,no,no,0.139504563233377
51,5050,no,no,0.139504563233377
46,6269,no,no,0.139504563233377
26,256,no,no,0.102199223803364
57,452,no,no,0.139504563233377
42,-422,no,no,0.102199223803364
42,0,no,no,0.102199223803364
57,1623,no,no,0.139504563233377
35,1350,no,no,0.139504563233377
34,876,no,no,0.139504563233377
37,556,no,no,0.139504563233377
62,565,no,no,0.254545454545455
54,4382,no,no,0.139504563233377
38,506,no,no,0.139504563233377
24,4500,yes,no,0.139504563233377
35,634,no,no,0.139504563233377
37,712,no,no,0.139504563233377
53,9146,no,no,0.139504563233377
47,1230,yes,no,0.139504563233377
51,-55,no,no,0.102199223803364
27,-124,no,no,0.102199223803364
53,483,no,no,0.139504563233377
61,76,no,no,0.254545454545455
27,446,no,no,0.139504563233377
43,1413,no,no,0.139504563233377
44,-329,no,no,0.102199223803364
54,448,no,no,0.139504563233377
33,386,yes,no,0.102199223803364
31,-230,no,no,0.102199223803364
39,2763,yes,no,0.139504563233377
52,1810,no,no,0.139504563233377
30,4,no,no,0.102199223803364
35,44,no,no,0.102199223803364
55,557,no,no,0.139504563233377
30,151,no,no,0.102199223803364
32,3939,no,no,0.139504563233377
34,103,no,no,0.102199223803364
37,48,no,no,0.102199223803364
42,7702,yes,no,0.139504563233377
53,26,no,no,0.102199223803364
29,-20,yes,no,0.102199223803364
45,7353,no,no,0.139504563233377
45,72,no,no,0.102199223803364
34,8,no,no,0.102199223803364
57,808,no,no,0.139504563233377
40,1729,no,no,0.139504563233377
76,86,no,no,0.254545454545455
43,634,no,no,0.139504563233377
41,121,no,no,0.102199223803364
50,19447,no,no,0.139504563233377
29,-76,no,no,0.102199223803364
34,0,no,no,0.102199223803364
57,32,no,no,0.102199223803364
35,670,no,no,0.139504563233377
39,0,no,no,0.102199223803364
33,201,no,no,0.102199223803364
39,167,no,no,0.102199223803364
49,-384,no,no,0.102199223803364
36,-148,no,no,0.102199223803364
58,419,no,no,0.102199223803364
38,0,no,no,0.102199223803364
42,2613,no,no,0.139504563233377
37,6969,no,no,0.139504563233377
30,6495,no,no,0.139504563233377
29,452,no,no,0.139504563233377
64,890,no,no,0.254545454545455
29,455,yes,no,0.139504563233377
50,766,no,no,0.139504563233377
47,2548,no,no,0.139504563233377
31,1588,no,no,0.139504563233377
48,-285,no,no,0.102199223803364
42,792,no,no,0.139504563233377
46,-852,no,no,0.102199223803364
33,61,yes,no,0.102199223803364
33,302,no,no,0.102199223803364
37,0,no,no,0.102199223803364
31,309,no,no,0.102199223803364
46,276,no,no,0.102199223803364
38,-762,no,no,0.102199223803364
59,0,no,no,0.102199223803364
47,3285,no,no,0.139504563233377
36,13,no,no,0.102199223803364
38,744,no,no,0.139504563233377
22,549,no,no,0.139504563233377
35,8647,no,no,0.139504563233377
54,8295,yes,no,0.139504563233377
31,0,no,no,0.102199223803364
38,1960,no,no,0.139504563233377
43,481,no,no,0.139504563233377
34,573,no,no,0.139504563233377
38,434,no,no,0.102199223803364
49,852,no,no,0.139504563233377
52,214,no,no,0.102199223803364
37,4760,no,no,0.139504563233377
55,284,no,no,0.102199223803364
39,179,no,no,0.102199223803364
40,4441,no,no,0.139504563233377
46,271,no,no,0.102199223803364
32,14533,no,no,0.139504563233377
26,50,no,no,0.102199223803364
34,44,no,no,0.102199223803364
35,118,no,no,0.102199223803364
57,2416,no,no,0.139504563233377
32,2536,yes,no,0.139504563233377
40,0,no,no,0.102199223803364
26,1275,no,no,0.139504563233377
30,566,no,no,0.139504563233377
46,222,no,no,0.102199223803364
40,1397,no,no,0.139504563233377
43,-228,no,no,0.102199223803364
35,39,no,no,0.102199223803364
48,3230,no,no,0.139504563233377
42,9009,no,no,0.139504563233377
32,249,no,no,0.102199223803364
34,2892,no,no,0.139504563233377
26,479,no,no,0.139504563233377
57,374,no,no,0.102199223803364
29,2893,no,no,0.139504563233377
50,395,no,no,0.102199223803364
42,936,yes,no,0.139504563233377
83,1097,yes,no,0.254545454545455
37,4153,no,no,0.139504563233377
32,202,no,no,0.102199223803364
25,8,yes,no,0.102199223803364
31,88,no,no,0.102199223803364
30,3,no,no,0.102199223803364
59,0,no,no,0.102199223803364
47,187,no,no,0.102199223803364
44,316,no,no,0.102199223803364
28,781,no,no,0.139504563233377
39,399,no,no,0.102199223803364
42,-105,no,no,0.102199223803364
33,-6,no,no,0.102199223803364
29,3672,no,no,0.139504563233377
33,621,no,no,0.139504563233377
52,907,no,no,0.139504563233377
50,-701,no,no,0.102199223803364
35,524,no,no,0.139504563233377
31,1368,no,no,0.139504563233377
55,1649,no,no,0.139504563233377
34,1221,no,no,0.139504563233377
55,621,no,no,0.139504563233377
32,2,no,no,0.102199223803364
33,0,no,no,0.102199223803364
32,-220,no,no,0.102199223803364
41,5310,yes,no,0.139504563233377
52,-588,no,no,0.102199223803364
50,433,no,no,0.102199223803364
35,724,yes,no,0.139504563233377
28,1633,yes,no,0.139504563233377
33,8004,no,no,0.139504563233377
50,13,yes,no,0.102199223803364
35,470,yes,no,0.139504563233377
43,58,no,no,0.102199223803364
54,4503,no,no,0.139504563233377
58,590,no,no,0.139504563233377
46,361,no,no,0.102199223803364
40,-396,no,no,0.102199223803364
36,16430,no,no,0.139504563233377
31,0,no,no,0.102199223803364
31,385,no,no,0.102199223803364
55,3339,no,no,0.139504563233377
34,1557,no,no,0.139504563233377
34,1831,no,no,0.139504563233377
48,607,no,no,0.139504563233377
59,345,no,no,0.102199223803364
34,184,no,no,0.102199223803364
45,2418,no,no,0.139504563233377
42,3052,no,no,0.139504563233377
32,41,yes,no,0.102199223803364
36,-302,no,no,0.102199223803364
39,130,no,no,0.102199223803364
42,525,no,no,0.139504563233377
36,613,no,no,0.139504563233377
35,3102,no,no,0.139504563233377
37,1698,no,no,0.139504563233377
41,1666,no,no,0.139504563233377
36,12,yes,no,0.102199223803364
29,84,yes,no,0.102199223803364
26,205,no,no,0.102199223803364
58,1142,no,no,0.139504563233377
28,1466,no,no,0.139504563233377
54,0,no,no,0.102199223803364
33,-204,no,no,0.102199223803364
32,0,no,no,0.102199223803364
34,180,no,no,0.102199223803364
46,334,no,no,0.102199223803364
30,901,no,no,0.139504563233377
39,385,no,no,0.102199223803364
37,6101,no,no,0.139504563233377
31,391,no,no,0.102199223803364
59,3800,no,no,0.139504563233377
36,167,no,no,0.102199223803364
33,8023,no,no,0.139504563233377
38,213,no,no,0.102199223803364
45,999,no,no,0.139504563233377
52,118,no,no,0.102199223803364
31,3,no,no,0.102199223803364
26,127,no,no,0.102199223803364
52,50,no,no,0.102199223803364
36,605,no,no,0.139504563233377
62,6,yes,no,0.254545454545455
36,80,no,no,0.102199223803364
26,96,no,no,0.102199223803364
38,623,yes,no,0.139504563233377
38,846,no,no,0.139504563233377
53,4541,no,no,0.139504563233377
31,236,no,no,0.102199223803364
50,421,no,no,0.102199223803364
53,765,yes,no,0.139504563233377
38,868,no,no,0.139504563233377
56,45,yes,no,0.102199223803364
48,568,yes,no,0.139504563233377
80,8304,no,yes,0.666666666666667
46,7378,no,no,0.139504563233377
26,543,no,no,0.139504563233377
43,3274,no,no,0.139504563233377
28,373,no,no,0.102199223803364
37,2707,no,no,0.139504563233377
35,1253,no,no,0.139504563233377
26,128,no,no,0.102199223803364
52,3163,no,no,0.139504563233377
28,102,no,no,0.102199223803364
40,1927,no,no,0.139504563233377
36,1057,no,no,0.139504563233377
31,0,no,no,0.102199223803364
33,-56,no,no,0.102199223803364
36,260,no,no,0.102199223803364
63,133,no,no,0.254545454545455
47,4543,no,no,0.139504563233377
34,902,no,no,0.139504563233377
47,751,no,no,0.139504563233377
30,395,no,no,0.102199223803364
34,943,no,no,0.139504563233377
36,957,no,no,0.139504563233377
39,7066,yes,no,0.139504563233377
46,3098,no,no,0.139504563233377
29,858,no,no,0.139504563233377
38,228,no,no,0.102199223803364
33,483,no,no,0.139504563233377
39,-650,no,no,0.102199223803364
36,439,no,no,0.102199223803364
45,809,no,no,0.139504563233377
43,38,no,no,0.102199223803364
34,5060,no,no,0.139504563233377
32,574,no,no,0.139504563233377
39,763,yes,no,0.139504563233377
28,227,yes,no,0.102199223803364
34,351,no,no,0.102199223803364
36,417,no,no,0.102199223803364
37,48,no,no,0.102199223803364
47,162,no,no,0.102199223803364
34,0,no,no,0.102199223803364
29,199,yes,no,0.102199223803364
32,116,no,no,0.102199223803364
28,101,no,no,0.102199223803364
48,-19,no,no,0.102199223803364
37,347,no,no,0.102199223803364
42,782,no,no,0.139504563233377
34,176,no,no,0.102199223803364
48,17,no,no,0.102199223803364
57,63,no,no,0.102199223803364
39,794,no,no,0.139504563233377
77,0,yes,no,0.254545454545455
51,2237,no,no,0.139504563233377
30,790,no,no,0.139504563233377
45,1673,no,no,0.139504563233377
50,717,no,no,0.139504563233377
53,1343,no,no,0.139504563233377
26,18,no,no,0.102199223803364
37,430,no,no,0.102199223803364
27,-179,no,no,0.102199223803364
56,205,no,no,0.102199223803364
32,38,yes,no,0.102199223803364
32,4761,no,no,0.139504563233377
49,1032,no,no,0.139504563233377
41,1567,no,no,0.139504563233377
33,4040,no,no,0.139504563233377
38,0,no,no,0.102199223803364
30,1317,no,no,0.139504563233377
30,6619,no,no,0.139504563233377
34,1657,no,no,0.139504563233377
52,0,no,no,0.102199223803364
38,-196,no,no,0.102199223803364
56,151,no,no,0.102199223803364
42,3620,no,no,0.139504563233377
59,235,no,no,0.102199223803364
39,1242,no,no,0.139504563233377
54,812,no,no,0.139504563233377
37,1053,no,no,0.139504563233377
47,72,no,no,0.102199223803364
52,-970,yes,no,0.102199223803364
36,1133,yes,no,0.139504563233377
45,942,no,no,0.139504563233377
42,-10,no,no,0.102199223803364
38,157,no,no,0.102199223803364
34,1239,no,no,0.139504563233377
37,3953,no,no,0.139504563233377
58,0,no,no,0.102199223803364
26,1700,no,no,0.139504563233377
27,3792,yes,no,0.139504563233377
54,0,no,no,0.102199223803364
41,204,no,no,0.102199223803364
38,1146,no,no,0.139504563233377
40,326,no,no,0.102199223803364
39,122,no,no,0.102199223803364
35,422,no,no,0.102199223803364
46,295,no,no,0.102199223803364
35,4286,no,no,0.139504563233377
53,624,no,no,0.139504563233377
36,-11,no,no,0.102199223803364
35,0,no,no,0.102199223803364
50,3897,no,no,0.139504563233377
56,1007,no,no,0.139504563233377
43,3529,no,no,0.139504563233377
41,552,no,no,0.139504563233377
36,487,no,no,0.139504563233377
43,764,no,no,0.139504563233377
36,47,no,no,0.102199223803364
50,2142,no,no,0.139504563233377
57,2927,no,no,0.139504563233377
33,133,yes,no,0.102199223803364
53,100,no,no,0.102199223803364
58,1013,yes,no,0.139504563233377
24,1222,no,no,0.139504563233377
35,407,no,no,0.102199223803364
34,622,no,no,0.139504563233377
33,3470,no,no,0.139504563233377
37,2610,no,no,0.139504563233377
51,1679,yes,no,0.139504563233377
35,32,no,no,0.102199223803364
31,1014,no,no,0.139504563233377
29,5980,no,no,0.139504563233377
42,63,no,no,0.102199223803364
35,-339,no,no,0.102199223803364
55,139,no,no,0.102199223803364
30,3096,no,no,0.139504563233377
61,2917,yes,yes,0.666666666666667
41,4,no,no,0.102199223803364
51,3726,no,no,0.139504563233377
33,752,no,no,0.139504563233377
41,22,no,no,0.102199223803364
41,1281,no,no,0.139504563233377
25,-80,no,no,0.102199223803364
34,114,no,no,0.102199223803364
38,902,no,no,0.139504563233377
25,-352,no,no,0.102199223803364
39,3797,no,no,0.139504563233377
41,55,no,no,0.102199223803364
30,1787,no,no,0.139504563233377
46,2749,no,no,0.139504563233377
54,0,no,no,0.102199223803364
46,499,no,no,0.139504563233377
45,0,no,no,0.102199223803364
33,86,no,no,0.102199223803364
48,5543,no,no,0.139504563233377
55,1187,no,no,0.139504563233377
46,435,no,no,0.102199223803364
41,1066,yes,no,0.139504563233377
56,1877,no,no,0.139504563233377
30,236,no,no,0.102199223803364
39,1046,no,no,0.139504563233377
50,1545,no,no,0.139504563233377
35,298,no,no,0.102199223803364
32,4,no,no,0.102199223803364
32,1160,no,no,0.139504563233377
34,291,no,no,0.102199223803364
55,61,no,no,0.102199223803364
32,3333,no,no,0.139504563233377
76,2590,no,yes,0.666666666666667
44,2319,no,no,0.139504563233377
30,19358,no,no,0.139504563233377
45,204,yes,no,0.102199223803364
32,300,no,no,0.102199223803364
48,841,no,no,0.139504563233377
28,174,no,no,0.102199223803364
30,175,no,no,0.102199223803364
40,0,no,no,0.102199223803364
54,0,no,no,0.102199223803364
44,10888,no,no,0.139504563233377
37,7944,no,no,0.139504563233377
31,424,no,no,0.102199223803364
53,65,no,no,0.102199223803364
51,143,no,no,0.102199223803364
28,1065,no,no,0.139504563233377
40,65,no,no,0.102199223803364
43,0,no,no,0.102199223803364
48,1167,yes,no,0.139504563233377
34,524,no,no,0.139504563233377
34,2552,no,no,0.139504563233377
42,243,no,no,0.102199223803364
35,1707,no,no,0.139504563233377
51,1466,no,no,0.139504563233377
57,139,no,no,0.102199223803364
56,344,no,no,0.102199223803364
56,1238,yes,no,0.139504563233377
41,168,no,no,0.102199223803364
33,22,no,no,0.102199223803364
30,20,no,no,0.102199223803364
32,132,no,no,0.102199223803364
36,876,no,no,0.139504563233377
30,261,no,no,0.102199223803364
59,3534,no,no,0.139504563233377
54,0,no,no,0.102199223803364
29,596,no,no,0.139504563233377
35,293,no,no,0.102199223803364
44,1378,no,no,0.139504563233377
50,-10,no,no,0.102199223803364
57,3071,no,no,0.139504563233377
31,469,no,no,0.139504563233377
43,2567,no,no,0.139504563233377
41,1020,yes,no,0.139504563233377
41,-256,no,no,0.102199223803364
48,1092,no,no,0.139504563233377
49,365,no,no,0.102199223803364
39,186,no,no,0.102199223803364
40,1041,no,no,0.139504563233377
33,71,no,no,0.102199223803364
26,81,no,no,0.102199223803364
51,1869,no,no,0.139504563233377
53,7290,no,no,0.139504563233377
38,-140,no,no,0.102199223803364
47,3940,no,no,0.139504563233377
29,1445,yes,no,0.139504563233377
35,2,no,no,0.102199223803364
40,694,no,no,0.139504563233377
34,262,no,no,0.102199223803364
56,659,no,no,0.139504563233377
58,16264,no,no,0.139504563233377
32,0,no,no,0.102199223803364
34,456,no,no,0.139504563233377
49,199,no,no,0.102199223803364
35,-259,no,no,0.102199223803364
39,-606,no,no,0.102199223803364
52,779,no,no,0.139504563233377
32,3014,no,no,0.139504563233377
35,505,no,no,0.139504563233377
33,0,no,no,0.102199223803364
42,352,no,no,0.102199223803364
38,1931,no,no,0.139504563233377
43,0,no,no,0.102199223803364
36,608,no,no,0.139504563233377
53,146,no,no,0.102199223803364
37,0,no,no,0.102199223803364
29,770,no,no,0.139504563233377
31,438,no,no,0.102199223803364
41,52,no,no,0.102199223803364
40,-378,no,no,0.102199223803364
46,0,no,no,0.102199223803364
53,0,no,no,0.102199223803364
34,1553,no,no,0.139504563233377
58,139,no,no,0.102199223803364
47,201,no,no,0.102199223803364
28,356,no,no,0.102199223803364
30,411,no,no,0.102199223803364
33,595,no,no,0.139504563233377
40,888,no,no,0.139504563233377
37,7,no,no,0.102199223803364
36,644,no,no,0.139504563233377
39,0,no,no,0.102199223803364
28,89,no,no,0.102199223803364
49,2465,no,no,0.139504563233377
59,699,no,no,0.139504563233377
30,-635,no,no,0.102199223803364
44,0,no,no,0.102199223803364
37,228,no,no,0.102199223803364
47,5306,no,no,0.139504563233377
57,1052,no,no,0.139504563233377
56,334,no,no,0.102199223803364
41,819,no,no,0.139504563233377
58,116,no,no,0.102199223803364
36,177,no,no,0.102199223803364
36,629,no,no,0.139504563233377
37,896,no,no,0.139504563233377
35,0,yes,no,0.102199223803364
57,1341,no,no,0.139504563233377
28,1027,no,no,0.139504563233377
32,336,no,no,0.102199223803364
45,-149,no,no,0.102199223803364
50,579,no,no,0.139504563233377
52,395,no,no,0.102199223803364
48,865,no,no,0.139504563233377
34,2178,no,no,0.139504563233377
49,3371,yes,no,0.139504563233377
43,255,no,no,0.102199223803364
36,2323,no,no,0.139504563233377
41,1249,no,no,0.139504563233377
41,1680,no,no,0.139504563233377
58,0,no,no,0.102199223803364
42,230,no,no,0.102199223803364
49,1672,no,no,0.139504563233377
33,1897,no,no,0.139504563233377
21,6,no,no,0.102199223803364
46,182,no,no,0.102199223803364
29,1599,no,no,0.139504563233377
38,-17,no,no,0.102199223803364
34,440,no,no,0.102199223803364
36,168,no,no,0.102199223803364
35,0,no,no,0.102199223803364
36,1177,yes,no,0.139504563233377
75,852,no,no,0.254545454545455
31,574,no,no,0.139504563233377
49,937,no,no,0.139504563233377
31,401,no,no,0.102199223803364
44,460,no,no,0.139504563233377
49,2201,no,no,0.139504563233377
48,131,no,no,0.102199223803364
55,138,no,no,0.102199223803364
36,0,no,no,0.102199223803364
31,1166,no,no,0.139504563233377
53,1178,no,no,0.139504563233377
39,270,no,no,0.102199223803364
51,40,no,no,0.102199223803364
48,7195,yes,no,0.139504563233377
47,2,no,no,0.102199223803364
41,3992,no,no,0.139504563233377
32,309,no,no,0.102199223803364
48,5173,no,no,0.139504563233377
32,0,no,no,0.102199223803364
42,0,no,no,0.102199223803364
40,109,no,no,0.102199223803364
29,486,no,no,0.139504563233377
38,226,yes,no,0.102199223803364
32,0,no,no,0.102199223803364
38,4030,no,no,0.139504563233377
34,355,no,no,0.102199223803364
50,558,yes,no,0.139504563233377
58,2,no,no,0.102199223803364
31,-253,no,no,0.102199223803364
36,49,no,no,0.102199223803364
36,27359,no,no,0.139504563233377
26,1064,no,no,0.139504563233377
24,299,no,no,0.102199223803364
58,744,no,no,0.139504563233377
54,3222,no,no,0.139504563233377
70,3782,no,yes,0.666666666666667
57,4664,no,no,0.139504563233377
49,0,no,no,0.102199223803364
35,0,yes,no,0.102199223803364
35,473,no,no,0.139504563233377
46,0,no,no,0.102199223803364
30,432,no,no,0.102199223803364
47,2408,no,no,0.139504563233377
34,1518,no,no,0.139504563233377
33,353,no,no,0.102199223803364
49,322,no,no,0.102199223803364
34,61,no,no,0.102199223803364
30,2145,yes,no,0.139504563233377
28,1532,no,no,0.139504563233377
32,656,no,no,0.139504563233377
56,828,no,no,0.139504563233377
42,372,no,no,0.102199223803364
37,-242,yes,no,0.102199223803364
36,55,no,no,0.102199223803364
38,126,no,no,0.102199223803364
29,828,no,no,0.139504563233377
21,1903,no,no,0.139504563233377
26,455,no,no,0.139504563233377
36,1174,no,no,0.139504563233377
27,769,no,no,0.139504563233377
40,3,yes,no,0.102199223803364
28,26,no,no,0.102199223803364
52,238,no,no,0.102199223803364
37,1287,no,no,0.139504563233377
41,2125,no,no,0.139504563233377
54,1139,no,no,0.139504563233377
56,985,no,no,0.139504563233377
32,286,no,no,0.102199223803364
60,2552,no,no,0.139504563233377
50,2706,no,no,0.139504563233377
51,-11,no,no,0.102199223803364
50,961,no,no,0.139504563233377
30,329,no,no,0.102199223803364
27,5,no,no,0.102199223803364
36,119,no,no,0.102199223803364
45,137,no,no,0.102199223803364
38,4366,no,no,0.139504563233377
52,603,no,no,0.139504563233377
32,6217,no,no,0.139504563233377
37,67,no,no,0.102199223803364
30,105,no,no,0.102199223803364
31,112,no,no,0.102199223803364
55,218,no,no,0.102199223803364
38,593,yes,no,0.139504563233377
57,35,no,no,0.102199223803364
36,1327,no,no,0.139504563233377
33,4020,no,no,0.139504563233377
58,1407,no,no,0.139504563233377
42,198,no,no,0.102199223803364
57,589,no,no,0.139504563233377
30,501,no,no,0.139504563233377
51,95,yes,no,0.102199223803364
60,11262,yes,no,0.139504563233377
34,613,no,no,0.139504563233377
45,998,no,no,0.139504563233377
36,1109,no,no,0.139504563233377
40,542,no,no,0.139504563233377
35,1949,no,no,0.139504563233377
49,4667,no,no,0.139504563233377
31,1094,no,no,0.139504563233377
46,242,no,no,0.102199223803364
41,666,no,no,0.139504563233377
28,171,yes,no,0.102199223803364
53,22370,no,no,0.139504563233377
51,35,no,no,0.102199223803364
32,101,no,no,0.102199223803364
79,429,yes,no,0.254545454545455
46,1034,no,no,0.139504563233377
32,4908,no,no,0.139504563233377
54,3,no,no,0.102199223803364
35,0,no,no,0.102199223803364
61,967,no,no,0.254545454545455
46,137,no,no,0.102199223803364
38,595,no,no,0.139504563233377
39,-401,no,no,0.102199223803364
35,20,no,no,0.102199223803364
37,3288,no,no,0.139504563233377
32,687,no,no,0.139504563233377
42,7041,no,no,0.139504563233377
48,541,no,no,0.139504563233377
38,-1,no,no,0.102199223803364
53,4446,no,no,0.139504563233377
58,65,no,no,0.102199223803364
33,647,no,no,0.139504563233377
48,750,no,no,0.139504563233377
28,442,yes,no,0.102199223803364
59,3940,no,no,0.139504563233377
31,413,no,no,0.102199223803364
46,4958,no,no,0.139504563233377
35,786,no,no,0.139504563233377
61,848,no,no,0.254545454545455
49,5996,no,no,0.139504563233377
36,5195,no,no,0.139504563233377
41,5037,yes,no,0.139504563233377
34,1906,no,no,0.139504563233377
50,769,no,no,0.139504563233377
31,125,no,no,0.102199223803364
51,2934,no,no,0.139504563233377
38,311,no,no,0.102199223803364
35,0,no,no,0.102199223803364
26,245,no,no,0.102199223803364
43,-932,no,no,0.102199223803364
39,6,no,no,0.102199223803364
57,23,no,no,0.102199223803364
48,310,no,no,0.102199223803364
31,1970,no,no,0.139504563233377
30,48,no,no,0.102199223803364
47,881,no,no,0.139504563233377
41,0,no,no,0.102199223803364
34,15,no,no,0.102199223803364
58,3228,no,no,0.139504563233377
41,1334,no,no,0.139504563233377
53,263,no,no,0.102199223803364
34,-308,no,no,0.102199223803364
42,603,no,no,0.139504563233377
58,172,no,no,0.102199223803364
30,0,no,no,0.102199223803364
40,2,no,no,0.102199223803364
57,-967,no,no,0.102199223803364
39,687,yes,no,0.139504563233377
39,501,no,no,0.139504563233377
24,-254,no,no,0.102199223803364
34,20,no,no,0.102199223803364
54,781,no,no,0.139504563233377
59,319,no,no,0.102199223803364
27,3083,no,no,0.139504563233377
37,511,no,no,0.139504563233377
48,302,no,no,0.102199223803364
35,2793,no,no,0.139504563233377
35,1147,no,no,0.139504563233377
26,-3,no,no,0.102199223803364
25,5,no,no,0.102199223803364
39,7685,no,no,0.139504563233377
25,453,no,no,0.139504563233377
51,1840,no,no,0.139504563233377
39,209,no,no,0.102199223803364
30,1570,no,no,0.139504563233377
39,1190,no,no,0.139504563233377
64,2923,no,yes,0.666666666666667
47,480,no,no,0.139504563233377
34,4943,no,no,0.139504563233377
47,2306,yes,no,0.139504563233377
28,153,yes,no,0.102199223803364
38,389,no,no,0.102199223803364
30,123,no,no,0.102199223803364
26,3825,no,no,0.139504563233377
49,780,no,no,0.139504563233377
28,2700,no,no,0.139504563233377
32,930,no,no,0.139504563233377
47,3232,no,no,0.139504563233377
55,1580,yes,no,0.139504563233377
26,484,no,no,0.139504563233377
38,435,no,no,0.102199223803364
73,279,yes,no,0.254545454545455
23,1158,no,no,0.139504563233377
25,10,yes,no,0.102199223803364
51,117,yes,no,0.102199223803364
42,221,no,no,0.102199223803364
56,789,no,no,0.139504563233377
40,4157,no,no,0.139504563233377
44,508,no,no,0.139504563233377
29,358,no,no,0.102199223803364
57,367,no,no,0.102199223803364
55,9756,yes,no,0.139504563233377
49,358,no,no,0.102199223803364
70,2815,no,yes,0.666666666666667
60,27,no,no,0.102199223803364
36,101,no,no,0.102199223803364
38,0,no,no,0.102199223803364
31,0,no,no,0.102199223803364
38,2543,yes,no,0.139504563233377
31,373,no,no,0.102199223803364
56,575,no,no,0.139504563233377
28,0,no,no,0.102199223803364
47,405,yes,no,0.102199223803364
53,619,no,no,0.139504563233377
49,635,no,no,0.139504563233377
56,0,no,no,0.102199223803364
42,-921,no,no,0.102199223803364
45,220,no,no,0.102199223803364
33,3132,no,no,0.139504563233377
40,17,no,no,0.102199223803364
45,1415,no,no,0.139504563233377
58,9339,no,no,0.139504563233377
35,109,no,no,0.102199223803364
51,1883,no,no,0.139504563233377
57,320,no,no,0.102199223803364
43,2,no,no,0.102199223803364
45,3098,no,no,0.139504563233377
32,485,no,no,0.139504563233377
39,1048,no,no,0.139504563233377
38,1449,no,no,0.139504563233377
32,913,no,no,0.139504563233377
58,23,no,no,0.102199223803364
43,17555,no,no,0.139504563233377
31,454,no,no,0.139504563233377
30,868,no,no,0.139504563233377
38,46,no,no,0.102199223803364
33,316,no,no,0.102199223803364
55,4809,no,no,0.139504563233377
45,776,no,no,0.139504563233377
29,192,no,no,0.102199223803364
27,-1,no,no,0.102199223803364
37,0,no,no,0.102199223803364
39,-41,no,no,0.102199223803364
44,0,no,no,0.102199223803364
51,377,no,no,0.102199223803364
41,720,yes,no,0.139504563233377
34,-319,no,no,0.102199223803364
42,-246,no,no,0.102199223803364
44,420,no,no,0.102199223803364
44,271,no,no,0.102199223803364
33,245,no,no,0.102199223803364
35,365,no,no,0.102199223803364
36,480,yes,no,0.139504563233377
32,34,no,no,0.102199223803364
31,864,no,no,0.139504563233377
47,2,no,no,0.102199223803364
50,810,no,no,0.139504563233377
52,2557,yes,no,0.139504563233377
30,-477,yes,no,0.102199223803364
45,0,no,no,0.102199223803364
54,1480,no,no,0.139504563233377
46,-216,no,no,0.102199223803364
50,1412,no,no,0.139504563233377
56,109,no,no,0.102199223803364
47,3451,no,no,0.139504563233377
55,3334,yes,no,0.139504563233377
49,1430,no,no,0.139504563233377
36,4280,no,no,0.139504563233377
49,61,no,no,0.102199223803364
45,1269,no,no,0.139504563233377
45,1291,no,no,0.139504563233377
56,3172,no,no,0.139504563233377
26,512,no,no,0.139504563233377
46,225,no,no,0.102199223803364
45,248,no,no,0.102199223803364
57,295,no,no,0.102199223803364
43,105,no,no,0.102199223803364
46,137,no,no,0.102199223803364
52,0,no,no,0.102199223803364
44,529,no,no,0.139504563233377
40,0,no,no,0.102199223803364
31,96,no,no,0.102199223803364
48,0,no,no,0.102199223803364
32,6217,no,no,0.139504563233377
55,159,no,no,0.102199223803364
37,1123,no,no,0.139504563233377
30,371,no,no,0.102199223803364
38,3452,no,no,0.139504563233377
58,2223,no,no,0.139504563233377
20,291,no,no,0.102199223803364
54,7864,no,no,0.139504563233377
59,1,yes,no,0.102199223803364
35,8652,no,no,0.139504563233377
70,1164,no,no,0.254545454545455
35,1792,yes,no,0.139504563233377
46,9328,yes,no,0.139504563233377
31,40,no,no,0.102199223803364
34,244,no,no,0.102199223803364
32,2979,no,no,0.139504563233377
42,0,no,no,0.102199223803364
32,2478,no,no,0.139504563233377
27,3196,no,no,0.139504563233377
33,5235,no,no,0.139504563233377
42,2111,no,no,0.139504563233377
43,11269,no,no,0.139504563233377
29,22171,no,no,0.139504563233377
49,47,no,no,0.102199223803364
39,839,no,no,0.139504563233377
50,1572,no,no,0.139504563233377
58,145,no,no,0.102199223803364
44,788,no,no,0.139504563233377
37,342,no,no,0.102199223803364
43,0,no,no,0.102199223803364
31,62,no,no,0.102199223803364
42,-406,no,no,0.102199223803364
36,756,no,no,0.139504563233377
25,468,no,no,0.139504563233377
44,-14,no,no,0.102199223803364
27,795,no,no,0.139504563233377
28,655,no,no,0.139504563233377
26,5116,no,no,0.139504563233377
38,0,no,no,0.102199223803364
57,501,no,no,0.139504563233377
60,517,no,no,0.139504563233377
38,917,no,no,0.139504563233377
48,998,no,no,0.139504563233377
42,2187,yes,no,0.139504563233377
42,1080,yes,no,0.139504563233377
30,334,no,no,0.102199223803364
33,296,no,no,0.102199223803364
52,195,yes,no,0.102199223803364
31,-331,no,no,0.102199223803364
51,844,no,no,0.139504563233377
55,2275,no,no,0.139504563233377
60,3387,no,no,0.139504563233377
36,1318,no,no,0.139504563233377
67,2301,no,yes,0.666666666666667
45,7108,no,no,0.139504563233377
39,0,no,no,0.102199223803364
46,390,no,no,0.102199223803364
34,341,no,no,0.102199223803364
50,1260,no,no,0.139504563233377
29,1448,no,no,0.139504563233377
41,75,yes,no,0.102199223803364
53,104,yes,no,0.102199223803364
52,1781,no,no,0.139504563233377
37,954,no,no,0.139504563233377
63,2747,no,yes,0.666666666666667
41,231,yes,no,0.102199223803364
27,-79,no,no,0.102199223803364
25,157,no,no,0.102199223803364
55,-31,no,no,0.102199223803364
28,3238,no,no,0.139504563233377
51,1490,no,no,0.139504563233377
44,5181,no,no,0.139504563233377
57,46,no,no,0.102199223803364
36,475,no,no,0.139504563233377
47,145,no,no,0.102199223803364
24,119,no,no,0.102199223803364
33,-163,no,no,0.102199223803364
31,4945,no,no,0.139504563233377
51,-55,no,no,0.102199223803364
39,2600,no,no,0.139504563233377
37,121,no,no,0.102199223803364
49,1568,no,no,0.139504563233377
34,136,no,no,0.102199223803364
41,326,yes,no,0.102199223803364
61,1471,no,no,0.254545454545455
32,3935,no,no,0.139504563233377
38,3436,yes,no,0.139504563233377
35,4515,no,no,0.139504563233377
31,2590,no,no,0.139504563233377
32,890,no,no,0.139504563233377
30,975,no,no,0.139504563233377
33,706,no,no,0.139504563233377
37,0,no,no,0.102199223803364
48,108,no,no,0.102199223803364
55,150,no,no,0.102199223803364
63,8044,no,yes,0.666666666666667
31,325,yes,no,0.102199223803364
35,137,no,no,0.102199223803364
34,703,yes,no,0.139504563233377
31,388,no,no,0.102199223803364
51,-2082,no,no,0.102199223803364
31,-162,no,no,0.102199223803364
39,36,no,no,0.102199223803364
29,415,no,no,0.102199223803364
59,174,no,no,0.102199223803364
22,3472,yes,no,0.139504563233377
39,14,no,no,0.102199223803364
40,4075,no,no,0.139504563233377
55,236,no,no,0.102199223803364
33,-988,no,no,0.102199223803364
27,88,no,no,0.102199223803364
37,658,no,no,0.139504563233377
38,4425,no,no,0.139504563233377
39,835,no,no,0.139504563233377
52,-110,no,no,0.102199223803364
40,99,no,no,0.102199223803364
24,9,no,no,0.102199223803364
54,865,no,no,0.139504563233377
45,1929,no,no,0.139504563233377
37,-67,no,no,0.102199223803364
39,626,no,no,0.139504563233377
44,1424,no,no,0.139504563233377
50,3357,yes,no,0.139504563233377
39,471,no,no,0.139504563233377
33,-195,no,no,0.102199223803364
33,3696,no,no,0.139504563233377
58,983,no,no,0.139504563233377
38,1980,no,no,0.139504563233377
47,0,no,no,0.102199223803364
36,3953,no,no,0.139504563233377
46,2262,no,no,0.139504563233377
30,3485,no,no,0.139504563233377
46,556,yes,no,0.139504563233377
35,2486,no,no,0.139504563233377
54,2206,yes,no,0.139504563233377
51,500,no,no,0.139504563233377
32,62,no,no,0.102199223803364
59,2921,no,no,0.139504563233377
49,1843,no,no,0.139504563233377
45,192,no,no,0.102199223803364
50,-94,no,no,0.102199223803364
29,877,no,no,0.139504563233377
33,1925,no,no,0.139504563233377
50,36,no,no,0.102199223803364
34,18,yes,no,0.102199223803364
46,558,no,no,0.139504563233377
32,1148,no,no,0.139504563233377
48,-471,no,no,0.102199223803364
26,209,no,no,0.102199223803364
48,1159,no,no,0.139504563233377
35,552,no,no,0.139504563233377
40,3658,no,no,0.139504563233377
25,18,no,no,0.102199223803364
49,-1680,no,no,0.102199223803364
50,-470,no,no,0.102199223803364
